{
  "project_info": {
    "project_number": "24457838694",
    "project_id": "itraeproject",
    "storage_bucket": "itraeproject.appspot.com"
  },
  "client": [
    {
      "client_info": {
        "mobilesdk_app_id": "1:24457838694:android:03a533666df2cf98aceda7",
        "android_client_info": {
          "package_name": "com.module.emunicipalcorporation"
        }
      },
      "oauth_client": [
        {
          "client_id": "24457838694-te6ncjmb51ipp5sp09hitg7rvavmotm8.apps.googleusercontent.com",
          "client_type": 3
        }
      ],
      "api_key": [
        {
          "current_key": "AIzaSyB0FuSBdhNr7MvDtr5AIgbmNhPkWv91CNY"
        }
      ],
      "services": {
        "appinvite_service": {
          "other_platform_oauth_client": [
            {
              "client_id": "24457838694-te6ncjmb51ipp5sp09hitg7rvavmotm8.apps.googleusercontent.com",
              "client_type": 3
            }
          ]
        }
      }
    }
  ],
  "configuration_version": "1"
}